{
  "mean": [
    0.0001996382634388283,
    1.0000373125076294,
    1.000083565711975,
    1.0001742839813232,
    50.07197570800781,
    0.5024637579917908,
    0.7875781059265137,
    0.013508938252925873,
    0.00022621358220931143,
    -0.0062371413223445415
  ],
  "scale": [
    0.01909896917641163,
    0.012228609062731266,
    0.013181058689951897,
    0.013829723000526428,
    12.602944374084473,
    0.27336007356643677,
    1.0803488492965698,
    0.014149770140647888,
    0.0004739852447528392,
    0.41361555457115173
  ]
}